model,prompt,response
gemini,default,"Here's a breakdown of the latest AI-related developments for Apple and Nvidia, and their potential impact on stock prices:

**Apple (AAPL):**

*   **AI Expansion in China:** Apple is partnering with Alibaba and considering Baidu to enhance its AI capabilities in China. This is seen as a strategy to regain market share lost to Huawei and drive iPhone upgrades through ""Apple Intelligence."" Wedbush maintains an ""Outperform"" rating with a $325 price target, expecting AI-driven growth in China starting in the June quarter.
*   **New Product Launch with AI and In-House Modem:** Apple is teasing a new product launch, expected around February 19, featuring ""Apple Intelligence"" and the A18 chip. This device will also be Apple's first with an in-house cellular modem chip.
*   **AI Integration:** Apple is integrating AI across its device ecosystem and developing ""Apple Intelligence"" with specialized AI chips focused on on-device machine learning and privacy-preserving AI applications.
*   **Stock Impact:** Analysts are overhauling Apple's stock price targets after a record Q1 earnings. Wedbush is optimistic about AI-driven developments and upcoming iPhone releases.

**Nvidia (NVDA):**

*   **Dominance in AI Chips:** Nvidia dominates the AI chip market with its GPUs, considered the standard for AI computing. CEO Jensen Huang projects AI could generate $100 trillion in economic value.
*   **Competition:** Nvidia faces competition from AMD (with its MI300 AI accelerators) and Intel (with its Gaudi processors).
*   **Hardware-Software Integration:** BofA emphasizes Nvidia's advantage lies in its hardware-software integration for AI performance.
*   **Stake in Arm Holdings Slashed:** Nvidia reduced its stake in Arm Holdings by 44%. This could be related to Arm's potential move to compete directly with its licensing customers, including Nvidia, by designing and selling its own processors.
*   **New Investments:** Nvidia unveiled a new stake in China-based WeRide (autonomous vehicles) and Nebius Group (AI-focused tech group).
*   **Q4 Earnings:** Nvidia is expected to report earnings on February 26. Analysts anticipate a slight earnings beat for fiscal Q4, but the first-quarter outlook faces pressures related to Blackwell architecture implementation, weakening Hopper-based chip sales, and China trade limitations. BofA maintains a positive view on Nvidia, rating it as a top selection in its sector.
*   **Valuation:** Nvidia's valuation is at the lower end of its historical range.
*   **GTC Conference:** The upcoming GTC conference on March 17 is a potential catalyst, with expected chip reveals and expansion into robotics and quantum computing.
*   **Stock Impact:** Despite some near-term concerns, analysts remain optimistic about Nvidia's long-term potential due to its dominance in AI chips, hardware-software integration, and expansion into new areas like robotics and quantum computing. Nvidia's stock is comparatively cheap to other big tech stocks and looks primed to soar after Feb 26.

Sources:
https://finance.yahoo.com/news/apple-partners-alibaba-eyes-baidu-150006091.html
https://finance.yahoo.com/news/apple-inc-aapl-teases-product-182528020.html
https://finance.yahoo.com/m/aa3b145b-444f-3b8d-a721-fb8610c18331/25-top-ai-stocks-that-could.html
https://finance.yahoo.com/m/aa3b145b-444f-3b8d-a721-fb8610c18331/25-top-ai-stocks-that-could.html
https://finance.yahoo.com/m/aa3b145b-444f-3b8d-a721-fb8610c18331/25-top-ai-stocks-that-could.html
https://finance.yahoo.com/video/race-ai-only-faster-cheaper-163531833.html
https://finance.yahoo.com/m/f8b3f9c9-1d15-3c1b-91e5-caeae9dfdb9b/prediction%3A-these-2-quantum.html
https://finance.yahoo.com/news/apple-inc-aapl-most-profitable-122451503.html
https://finance.yahoo.com/news/nvidia-set-beat-earnings-near-174914435.html
https://finance.yahoo.com/m/f261d9f7-d49b-34a9-b8d3-0a6b1ad256d7/nvidia-slashes-stake-in.html
https://finance.yahoo.com/m/de81d50b-018c-3496-a737-b89efc80b48a/ai-stock-sell-off%3A-1.html
https://finance.yahoo.com/m/b022b996-c9f0-31ee-9d07-27c6c485ef3a/billionaire-israel-englander.html
https://finance.yahoo.com/news/nvidia-set-beat-q4-earnings-175151694.html
https://finance.yahoo.com/m/f261d9f7-d49b-34a9-b8d3-0a6b1ad256d7/nvidia-slashes-stake-in.html"
cohere,default,"Apple's (AAPL) AI initiatives include partnerships with Alibaba and potential collaboration with Baidu, enhancing its AI capabilities in China. They also plan to expand Apple Intelligence globally. Their focus on AI and upcoming product launches is positive, despite a slight revenue dip in the past quarter. Meanwhile, Nvidia (NVDA), the dominant AI chipmaker, is preparing for its Q4 earnings report on February 26th. They expect a slight earnings increase but face challenges due to China restrictions, Hopper chip demand, and the transition to Blackwell chips. Nvidia's shares were affected by the rise of China-based DeepSeek but have since recovered. Both stocks are anticipated to benefit from the growing AI sector.

Sources:
https://finance.yahoo.com/news/apple-partners-alibaba-eyes-baidu-150006091.html
https://finance.yahoo.com/news/apple-inc-aapl-teases-product-182528020.html
https://finance.yahoo.com/m/aa3b145b-444f-3b8d-a721-fb8610c18331/25-top-ai-stocks-that-could.html
https://finance.yahoo.com/m/aa3b145b-444f-3b8d-a721-fb8610c18331/25-top-ai-stocks-that-could.html
https://finance.yahoo.com/m/aa3b145b-444f-3b8d-a721-fb8610c18331/25-top-ai-stocks-that-could.html
https://finance.yahoo.com/video/race-ai-only-faster-cheaper-163531833.html
https://finance.yahoo.com/m/f8b3f9c9-1d15-3c1b-91e5-caeae9dfdb9b/prediction%3A-these-2-quantum.html
https://finance.yahoo.com/news/apple-inc-aapl-most-profitable-122451503.html
https://finance.yahoo.com/news/nvidia-set-beat-earnings-near-174914435.html
https://finance.yahoo.com/m/f261d9f7-d49b-34a9-b8d3-0a6b1ad256d7/nvidia-slashes-stake-in.html
https://finance.yahoo.com/m/de81d50b-018c-3496-a737-b89efc80b48a/ai-stock-sell-off%3A-1.html
https://finance.yahoo.com/m/b022b996-c9f0-31ee-9d07-27c6c485ef3a/billionaire-israel-englander.html
https://finance.yahoo.com/news/nvidia-set-beat-q4-earnings-175151694.html
https://finance.yahoo.com/m/f261d9f7-d49b-34a9-b8d3-0a6b1ad256d7/nvidia-slashes-stake-in.html"
llama,default,"Based on recent news, Apple is expanding its AI capabilities in China through partnerships with Alibaba and a potential collaboration with Baidu. Apple's AI-driven developments, including the upcoming iPhone 16 and iPhone 17, are expected to drive growth. Meanwhile, Nvidia is dominating the AI chip market, but faces challenges from emerging rivals like Arm Holdings, which is planning to design and sell its own line of processors. Nvidia's Q4 earnings are expected to be strong, but its first-quarter outlook may face pressure due to the transition to Blackwell chips and China restrictions. Billionaire Israel Englander has reduced his stake in Nvidia, while increasing his position in AppLovin, an AI stock that has surged 1,180% since January 2024.

Sources:
https://finance.yahoo.com/news/apple-partners-alibaba-eyes-baidu-150006091.html
https://finance.yahoo.com/news/apple-inc-aapl-teases-product-182528020.html
https://finance.yahoo.com/m/aa3b145b-444f-3b8d-a721-fb8610c18331/25-top-ai-stocks-that-could.html
https://finance.yahoo.com/m/aa3b145b-444f-3b8d-a721-fb8610c18331/25-top-ai-stocks-that-could.html
https://finance.yahoo.com/m/aa3b145b-444f-3b8d-a721-fb8610c18331/25-top-ai-stocks-that-could.html
https://finance.yahoo.com/video/race-ai-only-faster-cheaper-163531833.html
https://finance.yahoo.com/m/f8b3f9c9-1d15-3c1b-91e5-caeae9dfdb9b/prediction%3A-these-2-quantum.html
https://finance.yahoo.com/news/apple-inc-aapl-most-profitable-122451503.html
https://finance.yahoo.com/news/nvidia-set-beat-earnings-near-174914435.html
https://finance.yahoo.com/m/f261d9f7-d49b-34a9-b8d3-0a6b1ad256d7/nvidia-slashes-stake-in.html
https://finance.yahoo.com/m/de81d50b-018c-3496-a737-b89efc80b48a/ai-stock-sell-off%3A-1.html
https://finance.yahoo.com/m/b022b996-c9f0-31ee-9d07-27c6c485ef3a/billionaire-israel-englander.html
https://finance.yahoo.com/news/nvidia-set-beat-q4-earnings-175151694.html
https://finance.yahoo.com/m/f261d9f7-d49b-34a9-b8d3-0a6b1ad256d7/nvidia-slashes-stake-in.html"
mistral,default,"Here’s a concise summary of the latest developments from **Apple (AAPL)** and **Nvidia (NVDA)** related to AI and their impact on stock prices:

### **Apple (AAPL)**
1. **AI Expansion in China**:
   - Apple is partnering with **Alibaba** and exploring a collaboration with **Baidu** to enhance AI capabilities in China, aiming to restore market share lost to Huawei.
   - **Apple Intelligence** (its generative AI initiative) is expected to launch in China by April/May 2025, potentially driving iPhone upgrades and ecosystem growth.
   - Despite a **1% YoY drop in iPhone revenue** ($69.14B vs. $71.04B expected), analysts like **Wedbush** remain bullish, maintaining an **Outperform rating** and a **$325 price target**.

2. **New Product Launch Teased**:
   - Apple hinted at a new product (possibly the **iPhone 16**) with **AI and in-house modem** capabilities, featuring the **A18 chip** and **Apple Intelligence**.
   - The product may mark the end of the home button, signaling a major design shift.

3. **Profitability & Stock Performance**:
   - Apple ranks **2nd among the most profitable tech stocks**, with strong margins (32% operating, 24% net).
   - **Q1 2025 results** showed **4% YoY sales growth**, driven by services (+14% YoY) and Mac/iPad sales (+15% each).
   - **Morgan Stanley** predicts strong demand for the **iPhone SE 4**, with 15M shipments expected in FY 2025.

---

### **Nvidia (NVDA)**
1. **Earnings & Market Position**:
   - **Bank of America (BofA)** expects Nvidia to **beat Q4 earnings** (Feb. 26) but warns of near-term challenges:
     - **Blackwell chip transition**, **declining Hopper chip demand**, and **China trade restrictions**.
   - Nvidia remains a **top sector pick** due to its **hardware-software integration** and AI leadership.
   - **Valuation**: Trading at **31x 2025 earnings** (lower end of historical range).

2. **AI Arms Race & Investments**:
   - Nvidia **reduced its stake in Arm Holdings** (44% cut) amid Arm’s push into direct chip competition.
   - **New investments** in **WeRide (autonomous vehicles)** and **Nebius Group (AI-focused tech)**.
   - **Exited stakes** in **SoundCloud** and **Serve Robotics**.

3. **Stock Performance & Outlook**:
   - **Billionaire Israel Englander** sold **10% of his Nvidia stake** but kept it as his **5th-largest holding**.
   - **Analysts predict strong Q4 results** ($37.5B revenue expected, 70% YoY growth).
   - **GTC Conference (March 17)** could be a catalyst with new chip announcements (GB300, Rubin) and expansions into **robotics and quantum computing**.

---

### **Stock Price Impact**
- **Apple (AAPL)**: Positive sentiment due to AI expansion, new product teases, and strong profitability.
- **Nvidia (NVDA)**: Mixed near-term outlook but long-term optimism due to AI dominance and upcoming catalysts.

Both companies are key players in the AI revolution, with Apple focusing on **on-device AI** and Nvidia leading in **AI infrastructure**. Investors should watch for **Q4 earnings (NVDA, Feb. 26)** and **Apple’s AI rollout in China (April/May 2025)**.

Sources:
https://finance.yahoo.com/news/apple-partners-alibaba-eyes-baidu-150006091.html
https://finance.yahoo.com/news/apple-inc-aapl-teases-product-182528020.html
https://finance.yahoo.com/m/aa3b145b-444f-3b8d-a721-fb8610c18331/25-top-ai-stocks-that-could.html
https://finance.yahoo.com/m/aa3b145b-444f-3b8d-a721-fb8610c18331/25-top-ai-stocks-that-could.html
https://finance.yahoo.com/m/aa3b145b-444f-3b8d-a721-fb8610c18331/25-top-ai-stocks-that-could.html
https://finance.yahoo.com/video/race-ai-only-faster-cheaper-163531833.html
https://finance.yahoo.com/m/f8b3f9c9-1d15-3c1b-91e5-caeae9dfdb9b/prediction%3A-these-2-quantum.html
https://finance.yahoo.com/news/apple-inc-aapl-most-profitable-122451503.html
https://finance.yahoo.com/news/nvidia-set-beat-earnings-near-174914435.html
https://finance.yahoo.com/m/f261d9f7-d49b-34a9-b8d3-0a6b1ad256d7/nvidia-slashes-stake-in.html
https://finance.yahoo.com/m/de81d50b-018c-3496-a737-b89efc80b48a/ai-stock-sell-off%3A-1.html
https://finance.yahoo.com/m/b022b996-c9f0-31ee-9d07-27c6c485ef3a/billionaire-israel-englander.html
https://finance.yahoo.com/news/nvidia-set-beat-q4-earnings-175151694.html
https://finance.yahoo.com/m/f261d9f7-d49b-34a9-b8d3-0a6b1ad256d7/nvidia-slashes-stake-in.html"
gemini,bullet_summary,"Here's a summary of the key takeaways from the financial news articles related to Apple and Nvidia's AI developments and their impact on stock prices:

**Apple (AAPL):**

*   **AI Expansion in China:** Apple is partnering with Alibaba and exploring a collaboration with Baidu to improve AI capabilities in China. This is seen as a strategy to regain market share lost to Huawei.
*   **Apple Intelligence as a Driver:** Analysts believe ""Apple Intelligence"" will drive iPhone upgrades, potentially boosting revenue. Aiming for China AI capability by April or May.
*   **New Product Launch with AI and In-House Modem:** Apple is teasing a new product launch expected to feature ""Apple Intelligence,"" the A18 chip (also expected in iPhone 16), and its first in-house cellular modem chip.
*   **Analyst Ratings:**
    *   Wedbush maintains an ""Outperform"" rating on Apple with a $325 price target.
    *   Morgan Stanley analyst reaffirmed an ""Overweight"" rating and maintained a $275 price target.
*   **Integration of AI:** The company is integrating AI across its device ecosystem, with a focus on on-device machine learning and privacy-preserving AI applications.

**Nvidia (NVDA):**

*   **Dominance in AI Chips:** Nvidia is the dominant player in the AI chip market, with its GPUs powering most major AI applications and cloud services. Their first-mover advantage and software ecosystem make it a standard for AI computing.
*   **Earnings Beat Expected, But Near-Term Challenges:** Bank of America expects Nvidia to deliver a slight earnings beat for its fiscal Q4 (results on Feb 26). However, they caution about challenges for the first quarter outlook due to the Blackwell architecture implementation, Hopper-based chip sales weakening, and China trade limitations.
*   **Nvidia vs. AMD:** Advanced Micro Devices (AMD) challenges Nvidia's dominance with its MI300 AI accelerators.
*   **Computing Platform:** BofA emphasizes that Nvidia positions itself as a computing platform (hardware-software integration), not just a chip producer, which is a key advantage.
*   **GTC Conference as Potential Catalyst:** Nvidia's upcoming GTC conference (March 17) is expected to be a major catalyst, with potential chip reveals and expansion into robotics and quantum computing.
*   **Strategic Investment Portfolio:**
    *   Reduced stake in Arm Holdings: Reflecting Arm's interest in direct competition with chip designers.
    *   New stake in China-based WeRide: A client using Nvidia's software and GPUs for autonomous vehicles.
    *   Closed out holdings in SoundCloud and Serve Robotics.
*   **Earnings Expectations and Valuation:**
    *   Analysts expect strong Q4 results, with revenues rising around 66% and net income surging 62%.
    *   Analysts believe Nvidia will exceed their expected revenue projection for Q4.
    *   Some believe the stock is comparatively cheap, considering growth prospects. Trading at 30 times forward earnings while the revenue growth for FY26 is expected to be 52%.
*   **Competition and Growth:** Competition is heating up (DeepSeek). Investment in compute efficiency is important.
*   **Analyst Ratings and Actions:**
    *   BofA maintains strong positive views about Nvidia's future outlook while continuing to rate it as the top selection in its industry sector.
    *   Billionaire Israel Englander sold down his position in the fourth quarter.

Sources:
https://finance.yahoo.com/news/apple-partners-alibaba-eyes-baidu-150006091.html
https://finance.yahoo.com/news/apple-inc-aapl-teases-product-182528020.html
https://finance.yahoo.com/m/aa3b145b-444f-3b8d-a721-fb8610c18331/25-top-ai-stocks-that-could.html
https://finance.yahoo.com/m/aa3b145b-444f-3b8d-a721-fb8610c18331/25-top-ai-stocks-that-could.html
https://finance.yahoo.com/m/aa3b145b-444f-3b8d-a721-fb8610c18331/25-top-ai-stocks-that-could.html
https://finance.yahoo.com/video/race-ai-only-faster-cheaper-163531833.html
https://finance.yahoo.com/m/f8b3f9c9-1d15-3c1b-91e5-caeae9dfdb9b/prediction%3A-these-2-quantum.html
https://finance.yahoo.com/news/apple-inc-aapl-most-profitable-122451503.html
https://finance.yahoo.com/news/nvidia-set-beat-earnings-near-174914435.html
https://finance.yahoo.com/m/f261d9f7-d49b-34a9-b8d3-0a6b1ad256d7/nvidia-slashes-stake-in.html
https://finance.yahoo.com/m/de81d50b-018c-3496-a737-b89efc80b48a/ai-stock-sell-off%3A-1.html
https://finance.yahoo.com/m/b022b996-c9f0-31ee-9d07-27c6c485ef3a/billionaire-israel-englander.html
https://finance.yahoo.com/news/nvidia-set-beat-q4-earnings-175151694.html
https://finance.yahoo.com/m/f261d9f7-d49b-34a9-b8d3-0a6b1ad256d7/nvidia-slashes-stake-in.html"
cohere,bullet_summary,"- Apple is partnering with Alibaba and exploring a collaboration with Baidu to enhance its AI capabilities in China. The move aims to increase market share in China, with the potential for 25% of the world's population accessing AI via Apple devices.
- Apple is planning a new product launch on February 19, teased by CEO Tim Cook as the ""newest member of the family."" The product may feature Apple Intelligence and the A18 chip.
- Nvidia dominates the AI chip market, with its graphics processing units (GPUs) powering major AI applications. The company is positioned as a computing platform, differentiating itself in the AI space. 
- Bank of America predicts a slight earnings increase for Nvidia's fiscal fourth quarter, ending February 26, but anticipates challenges in the first quarter. The stock is valued at the lower end of its historical range. 
- Nvidia's shares dropped following the emergence of China-based DeepSeek, a low-cost AI chatbot, but have since recovered. The company is also reducing its stake in Arm Holdings due to the latter's expansion plans.

Sources:
https://finance.yahoo.com/news/apple-partners-alibaba-eyes-baidu-150006091.html
https://finance.yahoo.com/news/apple-inc-aapl-teases-product-182528020.html
https://finance.yahoo.com/m/aa3b145b-444f-3b8d-a721-fb8610c18331/25-top-ai-stocks-that-could.html
https://finance.yahoo.com/m/aa3b145b-444f-3b8d-a721-fb8610c18331/25-top-ai-stocks-that-could.html
https://finance.yahoo.com/m/aa3b145b-444f-3b8d-a721-fb8610c18331/25-top-ai-stocks-that-could.html
https://finance.yahoo.com/video/race-ai-only-faster-cheaper-163531833.html
https://finance.yahoo.com/m/f8b3f9c9-1d15-3c1b-91e5-caeae9dfdb9b/prediction%3A-these-2-quantum.html
https://finance.yahoo.com/news/apple-inc-aapl-most-profitable-122451503.html
https://finance.yahoo.com/news/nvidia-set-beat-earnings-near-174914435.html
https://finance.yahoo.com/m/f261d9f7-d49b-34a9-b8d3-0a6b1ad256d7/nvidia-slashes-stake-in.html
https://finance.yahoo.com/m/de81d50b-018c-3496-a737-b89efc80b48a/ai-stock-sell-off%3A-1.html
https://finance.yahoo.com/m/b022b996-c9f0-31ee-9d07-27c6c485ef3a/billionaire-israel-englander.html
https://finance.yahoo.com/news/nvidia-set-beat-q4-earnings-175151694.html
https://finance.yahoo.com/m/f261d9f7-d49b-34a9-b8d3-0a6b1ad256d7/nvidia-slashes-stake-in.html"
llama,bullet_summary,"Here are the key takeaways related to Apple and Nvidia's latest developments in AI and their impact on stock prices:

* Apple is partnering with Alibaba and considering a collaboration with Baidu to enhance its artificial intelligence capabilities in China, with the goal of creating an ecosystem of AI-powered apps and generating new revenue streams.
* Apple is working on Apple Intelligence, its generative AI initiative, and is expected to launch new products with AI capabilities, including a potential new device with an in-house cellular modem chip, which could be a game-changer for the company.
* Nvidia is a leading player in the AI chip market, with its graphics processing units (GPUs) powering most major AI applications and cloud services, and is expected to continue to dominate the market in the near future.
* Nvidia's stock price has been volatile due to the emergence of new AI players, such as DeepSeek, but analysts believe the company's strong track record and dominance in the AI chip market make it a solid long-term investment.
* Billionaire Israel Englander has sold down his position in Nvidia, but still holds a significant stake in the company, and has invested in AppLovin, an AI stock that has seen significant growth since early 2024.
* Nvidia is expected to beat earnings expectations when it reports its fiscal Q4 results on February 26, but analysts are cautious about the company's first-quarter outlook due to challenges such as the transition to Blackwell chips and ongoing restrictions in China.
* Nvidia's valuation remains attractive, trading at 31x projected 2025 earnings and 24x for 2026, and the company's upcoming GTC conference on March 17 could be a major catalyst for the stock.

Overall, both Apple and Nvidia are well-positioned to benefit from the growing demand for AI technologies, and their investments in AI research and development are expected to drive innovation and growth in the industry. However, the companies also face challenges and uncertainties, such as intense competition, regulatory restrictions, and the need to adapt to rapidly changing technologies and market trends.

Sources:
https://finance.yahoo.com/news/apple-partners-alibaba-eyes-baidu-150006091.html
https://finance.yahoo.com/news/apple-inc-aapl-teases-product-182528020.html
https://finance.yahoo.com/m/aa3b145b-444f-3b8d-a721-fb8610c18331/25-top-ai-stocks-that-could.html
https://finance.yahoo.com/m/aa3b145b-444f-3b8d-a721-fb8610c18331/25-top-ai-stocks-that-could.html
https://finance.yahoo.com/m/aa3b145b-444f-3b8d-a721-fb8610c18331/25-top-ai-stocks-that-could.html
https://finance.yahoo.com/video/race-ai-only-faster-cheaper-163531833.html
https://finance.yahoo.com/m/f8b3f9c9-1d15-3c1b-91e5-caeae9dfdb9b/prediction%3A-these-2-quantum.html
https://finance.yahoo.com/news/apple-inc-aapl-most-profitable-122451503.html
https://finance.yahoo.com/news/nvidia-set-beat-earnings-near-174914435.html
https://finance.yahoo.com/m/f261d9f7-d49b-34a9-b8d3-0a6b1ad256d7/nvidia-slashes-stake-in.html
https://finance.yahoo.com/m/de81d50b-018c-3496-a737-b89efc80b48a/ai-stock-sell-off%3A-1.html
https://finance.yahoo.com/m/b022b996-c9f0-31ee-9d07-27c6c485ef3a/billionaire-israel-englander.html
https://finance.yahoo.com/news/nvidia-set-beat-q4-earnings-175151694.html
https://finance.yahoo.com/m/f261d9f7-d49b-34a9-b8d3-0a6b1ad256d7/nvidia-slashes-stake-in.html"
mistral,bullet_summary,"Here are the key takeaways from the financial news related to **Apple (AAPL)** and **Nvidia (NVDA)** and their impact on stock prices:

### **Apple (AAPL) – AI and Stock Developments**
- **AI Expansion in China**:
  - Partnered with **Alibaba** and exploring collaboration with **Baidu** to enhance AI capabilities in China.
  - Wedbush Securities expects **Apple Intelligence** to drive iPhone upgrades and restore market share lost to Huawei.
  - AI features expected to launch in China by **April or May 2025**.
  - **25% of the world’s population** may access AI via Apple devices.
  - **Stock Impact**: Wedbush maintains an **Outperform rating** with a **$325 price target**.

- **New Product Launch Teased**:
  - Apple hinted at a new product launch (possibly an **iPhone 16 or 17**) with **Apple Intelligence** and an **in-house modem chip**.
  - The device may feature the **A18 chip** and eliminate the home button.
  - **Stock Impact**: Apple ranks **2nd among high-flying AI stocks** but may not be the most promising compared to other AI-focused stocks.

- **Financial Performance**:
  - **iPhone revenue fell 1% YoY** to **$69.14 billion** (missed expectations of **$71.04 billion**).
  - **Greater China revenue dropped to $18.51 billion**.
  - **Services segment grew 14% YoY**, while **Mac and iPad sales rose ~15%**.
  - **Stock Impact**: Analysts remain optimistic about AI-driven growth, but China remains a challenge.

### **Nvidia (NVDA) – AI and Stock Developments**
- **Earnings Expectations**:
  - **Bank of America (BofA)** expects Nvidia to **beat Q4 earnings** but warns of **near-term challenges**:
    - **Blackwell chip transition**, **declining Hopper chip demand**, and **China trade restrictions**.
  - **Q4 revenue forecast**: **$37.5 billion** (70% YoY growth), but analysts expect **73% growth**.
  - **Stock Impact**: Nvidia trades at **31x 2025 earnings and 24x 2026 earnings**, near the lower end of its historical range.

- **Investment Portfolio Adjustments**:
  - **Reduced stake in Arm Holdings by 44%** (now holds **1.1 million shares**).
  - **New investments in WeRide (autonomous vehicles) and Nebius Group (AI-focused tech)**.
  - **Exited positions in SoundCloud and Serve Robotics**.
  - **Stock Impact**: Nvidia remains a **top pick** for AI computing, but competition from **DeepSeek and Broadcom** poses risks.

- **Market Sentiment**:
  - **Billionaire Israel Englander sold 1.1 million NVDA shares** (10% reduction) but still holds it as a **top 5 position**.
  - **Stock Impact**: Nvidia remains a **key AI leader**, but investors are monitoring **China risks and chip transitions**.

### **Overall Stock Price Impact**
- **Apple (AAPL)**:
  - **Positive**: AI expansion in China, new product launches, strong services growth.
  - **Negative**: iPhone revenue decline, China market challenges.
  - **Analyst Outlook**: **Outperform ratings** but mixed on AI vs. traditional growth.

- **Nvidia (NVDA)**:
  - **Positive**: Strong earnings growth, AI dominance, new investments.
  - **Negative**: China trade restrictions, competition from DeepSeek, chip transition risks.
  - **Analyst Outlook**: **Top pick in AI sector**, but near-term volatility expected.

Both companies are **key players in AI**, but **Nvidia faces more near-term risks**, while **Apple’s AI strategy is still in early stages**. Investors should watch **Q4 earnings (Feb. 26 for NVDA)** and **Apple’s AI rollout in China** for further stock movements.

Sources:
https://finance.yahoo.com/news/apple-partners-alibaba-eyes-baidu-150006091.html
https://finance.yahoo.com/news/apple-inc-aapl-teases-product-182528020.html
https://finance.yahoo.com/m/aa3b145b-444f-3b8d-a721-fb8610c18331/25-top-ai-stocks-that-could.html
https://finance.yahoo.com/m/aa3b145b-444f-3b8d-a721-fb8610c18331/25-top-ai-stocks-that-could.html
https://finance.yahoo.com/m/aa3b145b-444f-3b8d-a721-fb8610c18331/25-top-ai-stocks-that-could.html
https://finance.yahoo.com/video/race-ai-only-faster-cheaper-163531833.html
https://finance.yahoo.com/m/f8b3f9c9-1d15-3c1b-91e5-caeae9dfdb9b/prediction%3A-these-2-quantum.html
https://finance.yahoo.com/news/apple-inc-aapl-most-profitable-122451503.html
https://finance.yahoo.com/news/nvidia-set-beat-earnings-near-174914435.html
https://finance.yahoo.com/m/f261d9f7-d49b-34a9-b8d3-0a6b1ad256d7/nvidia-slashes-stake-in.html
https://finance.yahoo.com/m/de81d50b-018c-3496-a737-b89efc80b48a/ai-stock-sell-off%3A-1.html
https://finance.yahoo.com/m/b022b996-c9f0-31ee-9d07-27c6c485ef3a/billionaire-israel-englander.html
https://finance.yahoo.com/news/nvidia-set-beat-q4-earnings-175151694.html
https://finance.yahoo.com/m/f261d9f7-d49b-34a9-b8d3-0a6b1ad256d7/nvidia-slashes-stake-in.html"
gemini,analyst_voice,"Here's a breakdown of the latest AI developments at Apple and Nvidia, and potential impacts on their stock prices:

**Apple (AAPL)**

*   **AI Expansion in China:** Apple is partnering with Alibaba and considering a collaboration with Baidu to enhance its AI capabilities in China. This is seen as a key strategy to regain market share lost to Huawei and drive iPhone upgrades, particularly with the upcoming iPhone 16 and 17 models. Wedbush projects that eventually 25% of the world's population will access AI via Apple devices.
*   **New Product Launch with AI:** Apple is teasing a new product launch expected to feature ""Apple Intelligence"" and the A18 chip (likely for the iPhone 16). This device will also be Apple's first with an in-house cellular modem chip.
*   **Analyst Outlook:** Wedbush maintains an ""Outperform"" rating on Apple with a price target of $325. Morgan Stanley reaffirmed its ""Overweight"" rating and a $275 price target, anticipating a strong launch for the iPhone SE 4.
*   **China Challenges:** Apple's iPhone revenue and revenue from Greater China both declined year-over-year in the last quarter. China continues to be a hurdle.
*   **Stock Impact:** Apple’s push into AI, especially in China, is perceived as a positive catalyst. Wedbush believes CEO Tim Cook has handled the China strategy well, despite geopolitical concerns. The new product launch with AI features is also expected to be a driver for growth. However, concerns about slowing iPhone sales and challenges in the Chinese market remain.

**Nvidia (NVDA)**

*   **Dominant Position in AI Chips:** Nvidia continues to dominate the AI chip market with its GPUs powering major AI applications and cloud services. Their ""first-mover advantage"" and software ecosystem are considered key strengths.
*   **Market Correction:** Nvidia experienced a significant market correction due to the emergence of China-based DeepSeek.
*   **Stake in ARM Holdings:** Nvidia has reduced its stake in Arm Holdings by 44%. This may reflect Arm's potential move into direct competition with Nvidia, as Arm is considering designing and selling its own line of processors. However, Nvidia did unveil a new stake in China-based WeRide, an autonomous vehicles company that uses Nvidia's software. They also invested in AI-focused tech group Nebius Group. Nvidia closed out prior holdings in Soundcloud and Serve Robotics.
*   **Earnings Expectations and Potential Risks:** Bank of America (BofA) expects Nvidia to slightly beat earnings expectations for its fiscal fourth quarter (to be reported February 26). However, they also highlight potential challenges to the first-quarter outlook related to the transition to Blackwell chips, weakening Hopper chip sales, and China trade restrictions. Wall Street analysts are convinced that Nvidia undershot its revenue projection and estimate 73% growth on average. Management expects revenue of $37.5 billion, which would indicate 70% year-over-year growth.
*   **Analyst Outlook:** BofA remains optimistic about Nvidia's long-term potential and maintains its ""top sector pick"" rating, emphasizing Nvidia's position as a computing platform with hardware-software integration advantages. They also note that Nvidia's valuation is at the lower end of its historical range.
*   **Upcoming Catalysts:** The GTC conference on March 17 is seen as a major potential catalyst, with expected chip reveals and expansion announcements in robotics and quantum computing.
*   **Stock Impact:** Nvidia's dominant position in the AI chip market and strong growth prospects continue to be positive drivers for its stock price. However, investors should be aware of potential near-term headwinds related to chip transitions, China trade, and increasing competition.

In conclusion, both companies are heavily involved in AI, but their approaches and challenges differ. Apple is focused on integrating AI into its devices and services, particularly in China. Nvidia is the dominant player in AI chips, but it faces increased competition and potential near-term risks related to its business transitions and geopolitical factors. Investors should weigh these factors when considering the potential impact on each company's stock price.

Sources:
https://finance.yahoo.com/news/apple-partners-alibaba-eyes-baidu-150006091.html
https://finance.yahoo.com/news/apple-inc-aapl-teases-product-182528020.html
https://finance.yahoo.com/m/aa3b145b-444f-3b8d-a721-fb8610c18331/25-top-ai-stocks-that-could.html
https://finance.yahoo.com/m/aa3b145b-444f-3b8d-a721-fb8610c18331/25-top-ai-stocks-that-could.html
https://finance.yahoo.com/m/aa3b145b-444f-3b8d-a721-fb8610c18331/25-top-ai-stocks-that-could.html
https://finance.yahoo.com/video/race-ai-only-faster-cheaper-163531833.html
https://finance.yahoo.com/m/f8b3f9c9-1d15-3c1b-91e5-caeae9dfdb9b/prediction%3A-these-2-quantum.html
https://finance.yahoo.com/news/apple-inc-aapl-most-profitable-122451503.html
https://finance.yahoo.com/news/nvidia-set-beat-earnings-near-174914435.html
https://finance.yahoo.com/m/f261d9f7-d49b-34a9-b8d3-0a6b1ad256d7/nvidia-slashes-stake-in.html
https://finance.yahoo.com/m/de81d50b-018c-3496-a737-b89efc80b48a/ai-stock-sell-off%3A-1.html
https://finance.yahoo.com/m/b022b996-c9f0-31ee-9d07-27c6c485ef3a/billionaire-israel-englander.html
https://finance.yahoo.com/news/nvidia-set-beat-q4-earnings-175151694.html
https://finance.yahoo.com/m/f261d9f7-d49b-34a9-b8d3-0a6b1ad256d7/nvidia-slashes-stake-in.html"
cohere,analyst_voice,"Apple's stock price has seen a 1% drop in the last year, underperforming the market's expectations. The company has recently partnered with Alibaba, and plans to collaborate with Baidu, focusing on AI expansion in China. The new AI capabilities are expected to drive iPhone upgrades, with China projected to adopt the technology by April or May. The company's diversification into AI services and software is expected to boost revenue, with its services segment growing significantly. 

On the other hand, Nvidia's stock price has advanced 180% since January 2024, amid high demand for its AI platforms. The company dominates the AI chip market, and is expected to report a slight earnings increase in its fiscal fourth quarter on February 26, with analysts predicting a strong performance in the long term. The company positions itself as a computing platform, integrating hardware and software, which is expected to be a key advantage in the AI space. 

Despite the recent sell-off triggered by the emergence of China-based DeepSeek, Nvidia's shares are expected to soar after the earnings report on February 26, presenting a buying opportunity for investors. The company's diverse product portfolio and strong market position make it an attractive investment.

Sources:
https://finance.yahoo.com/news/apple-partners-alibaba-eyes-baidu-150006091.html
https://finance.yahoo.com/news/apple-inc-aapl-teases-product-182528020.html
https://finance.yahoo.com/m/aa3b145b-444f-3b8d-a721-fb8610c18331/25-top-ai-stocks-that-could.html
https://finance.yahoo.com/m/aa3b145b-444f-3b8d-a721-fb8610c18331/25-top-ai-stocks-that-could.html
https://finance.yahoo.com/m/aa3b145b-444f-3b8d-a721-fb8610c18331/25-top-ai-stocks-that-could.html
https://finance.yahoo.com/video/race-ai-only-faster-cheaper-163531833.html
https://finance.yahoo.com/m/f8b3f9c9-1d15-3c1b-91e5-caeae9dfdb9b/prediction%3A-these-2-quantum.html
https://finance.yahoo.com/news/apple-inc-aapl-most-profitable-122451503.html
https://finance.yahoo.com/news/nvidia-set-beat-earnings-near-174914435.html
https://finance.yahoo.com/m/f261d9f7-d49b-34a9-b8d3-0a6b1ad256d7/nvidia-slashes-stake-in.html
https://finance.yahoo.com/m/de81d50b-018c-3496-a737-b89efc80b48a/ai-stock-sell-off%3A-1.html
https://finance.yahoo.com/m/b022b996-c9f0-31ee-9d07-27c6c485ef3a/billionaire-israel-englander.html
https://finance.yahoo.com/news/nvidia-set-beat-q4-earnings-175151694.html
https://finance.yahoo.com/m/f261d9f7-d49b-34a9-b8d3-0a6b1ad256d7/nvidia-slashes-stake-in.html"
llama,analyst_voice,"Based on the news provided, here are the latest developments from Apple and Nvidia related to AI and their impact on stock prices:

**Apple:**

1. Apple has partnered with Alibaba and is exploring a potential collaboration with Baidu to enhance its artificial intelligence capabilities in China.
2. The company is developing Apple Intelligence, its generative AI initiative, along with specialized AI chips focusing on on-device machine learning and privacy-preserving AI applications.
3. Apple is expected to launch a new product with AI and in-house modem capabilities.
4. The company's service segment, which includes subscriptions and digital content, is expected to grow significantly, providing a steady revenue stream.
5. Apple's shares are considered relatively cheap, with a forward price-to-earnings ratio of 21, compared to the S&P 500.

**Nvidia:**

1. Nvidia is expected to beat earnings expectations when it reports its fiscal Q4 results on February 26.
2. The company's Blackwell GPU handles AI training up to four times faster and AI inference up to 30 times faster than its previous Hopper GPU.
3. Nvidia's valuation remains attractive, trading at 31x projected 2025 earnings and 24x for 2026, on the lower end of its historical range.
4. The company's upcoming GTC conference on March 17 could be a major catalyst, with expected unveilings of new chips and expansion plans into robotics and quantum computing.
5. Billionaire Israel Englander, CEO of hedge fund Millennium Management, sold down his position in Nvidia in the fourth quarter, but still holds a significant stake in the company.

**Impact on Stock Prices:**

1. Apple's stock price has been relatively stable, with a slight increase in recent days.
2. Nvidia's stock price has been more volatile, with a significant drop in late January due to the emergence of China-based DeepSeek, but has since recovered some of its losses.
3. Nvidia's stock is expected to see some volatility after its earnings report, but remains a top pick for many analysts due to its strong growth prospects and attractive valuation.

Overall, both Apple and Nvidia are well-positioned to benefit from the growing demand for AI technology, with Apple focusing on developing its own AI capabilities and Nvidia leading the charge in AI chipmaking. However, Nvidia's stock price may be more volatile in the short term due to the emergence of new competitors and the company's high valuation.

Sources:
https://finance.yahoo.com/news/apple-partners-alibaba-eyes-baidu-150006091.html
https://finance.yahoo.com/news/apple-inc-aapl-teases-product-182528020.html
https://finance.yahoo.com/m/aa3b145b-444f-3b8d-a721-fb8610c18331/25-top-ai-stocks-that-could.html
https://finance.yahoo.com/m/aa3b145b-444f-3b8d-a721-fb8610c18331/25-top-ai-stocks-that-could.html
https://finance.yahoo.com/m/aa3b145b-444f-3b8d-a721-fb8610c18331/25-top-ai-stocks-that-could.html
https://finance.yahoo.com/video/race-ai-only-faster-cheaper-163531833.html
https://finance.yahoo.com/m/f8b3f9c9-1d15-3c1b-91e5-caeae9dfdb9b/prediction%3A-these-2-quantum.html
https://finance.yahoo.com/news/apple-inc-aapl-most-profitable-122451503.html
https://finance.yahoo.com/news/nvidia-set-beat-earnings-near-174914435.html
https://finance.yahoo.com/m/f261d9f7-d49b-34a9-b8d3-0a6b1ad256d7/nvidia-slashes-stake-in.html
https://finance.yahoo.com/m/de81d50b-018c-3496-a737-b89efc80b48a/ai-stock-sell-off%3A-1.html
https://finance.yahoo.com/m/b022b996-c9f0-31ee-9d07-27c6c485ef3a/billionaire-israel-englander.html
https://finance.yahoo.com/news/nvidia-set-beat-q4-earnings-175151694.html
https://finance.yahoo.com/m/f261d9f7-d49b-34a9-b8d3-0a6b1ad256d7/nvidia-slashes-stake-in.html"
mistral,analyst_voice,"### **Latest Developments from Apple (AAPL) and Nvidia (NVDA) Related to AI and Their Impact on Stock Prices**

#### **Apple (AAPL) – AI Expansion and Market Strategy**
1. **AI Partnerships in China**
   - Apple has partnered with **Alibaba (BABA)** and is exploring a collaboration with **Baidu (BIDU)** to enhance its AI capabilities in China.
   - Wedbush Securities expects Apple Intelligence (AI-driven features) to be available in China by **April or May 2025**, which could help restore market share lost to Huawei.
   - The firm projects that **25% of the world’s population will access AI via an Apple device**, driving growth in China despite geopolitical challenges.

2. **Upcoming Product Launch**
   - Apple is teasing a new product launch (likely the **iPhone 16 or 17**) with **AI and an in-house modem**, which could boost iPhone upgrades.
   - The new device may feature **Apple Intelligence, the A18 chip, and the end of the home button**, signaling a major hardware and software integration push.

3. **Financial Performance & Analyst Sentiment**
   - Apple reported a **1% YoY decline in iPhone revenue ($69.14B vs. $71.04B expected)** but saw **14% growth in Services revenue**.
   - Wedbush maintains an **Outperform rating** with a **$325 price target**, citing strong AI-driven growth potential.

#### **Nvidia (NVDA) – AI Leadership and Market Challenges**
1. **Earnings Expectations & Near-Term Risks**
   - Nvidia is expected to **beat Q4 earnings (Feb. 26, 2025)** but faces challenges in **Blackwell chip adoption, weakening Hopper sales, and China trade restrictions**.
   - Bank of America (BofA) remains bullish long-term, calling Nvidia a **computing platform** rather than just a chipmaker.

2. **Investment Portfolio Adjustments**
   - Nvidia **reduced its stake in Arm Holdings by 44%**, possibly due to Arm’s shift toward **designing its own processors** (competing with Nvidia, Apple, and Qualcomm).
   - The company also **divested from SoundCloud (SOUN) and Serve Robotics (SERV)** but **increased stakes in WeRide (autonomous vehicles) and Nebius Group (AI-focused tech)**.

3. **Market Position & Valuation**
   - Nvidia’s **GPUs dominate AI chip market share (84%)**, with strong demand from **Meta, Alphabet, and other tech giants**.
   - Despite a **10%+ pullback from 2025 highs**, Nvidia trades at **30x forward earnings**, making it **cheaper than Apple (AAPL) and Microsoft (MSFT)**.
   - Analysts expect **strong Q4 results and a potential rally post-earnings**.

#### **Stock Price Impact**
- **Apple (AAPL):**
  - Positive sentiment due to **AI-driven growth, China expansion, and upcoming product launches**.
  - Potential upside if **iPhone 16/17 adoption and Apple Intelligence adoption exceed expectations**.

- **Nvidia (NVDA):**
  - Near-term volatility due to **China restrictions and chip transition risks**.
  - Long-term bullish outlook due to **AI hardware dominance, strong earnings growth, and potential GTC conference catalysts (March 17, 2025)**.

### **Conclusion**
- **Apple** is positioning itself as a major AI player, particularly in China, with strong analyst support.
- **Nvidia** remains the **AI hardware leader** but faces short-term challenges; however, its long-term growth prospects remain robust.
- Both stocks are well-positioned for AI-driven growth, with **NVDA offering higher near-term volatility and AAPL providing more stability**.

Would you like a deeper analysis on any specific aspect?

Sources:
https://finance.yahoo.com/news/apple-partners-alibaba-eyes-baidu-150006091.html
https://finance.yahoo.com/news/apple-inc-aapl-teases-product-182528020.html
https://finance.yahoo.com/m/aa3b145b-444f-3b8d-a721-fb8610c18331/25-top-ai-stocks-that-could.html
https://finance.yahoo.com/m/aa3b145b-444f-3b8d-a721-fb8610c18331/25-top-ai-stocks-that-could.html
https://finance.yahoo.com/m/aa3b145b-444f-3b8d-a721-fb8610c18331/25-top-ai-stocks-that-could.html
https://finance.yahoo.com/video/race-ai-only-faster-cheaper-163531833.html
https://finance.yahoo.com/m/f8b3f9c9-1d15-3c1b-91e5-caeae9dfdb9b/prediction%3A-these-2-quantum.html
https://finance.yahoo.com/news/apple-inc-aapl-most-profitable-122451503.html
https://finance.yahoo.com/news/nvidia-set-beat-earnings-near-174914435.html
https://finance.yahoo.com/m/f261d9f7-d49b-34a9-b8d3-0a6b1ad256d7/nvidia-slashes-stake-in.html
https://finance.yahoo.com/m/de81d50b-018c-3496-a737-b89efc80b48a/ai-stock-sell-off%3A-1.html
https://finance.yahoo.com/m/b022b996-c9f0-31ee-9d07-27c6c485ef3a/billionaire-israel-englander.html
https://finance.yahoo.com/news/nvidia-set-beat-q4-earnings-175151694.html
https://finance.yahoo.com/m/f261d9f7-d49b-34a9-b8d3-0a6b1ad256d7/nvidia-slashes-stake-in.html"
